,gene_short_name
Time,Time
G1,G1
G2,G2
G3,G3
G4,G4
G5,G5
G6,G6
G7,G7
G8,G8
G9,G9
G10,G10
G11,G11
G12,G12
G13,G13
G14,G14
G15,G15
G16,G16
G17,G17
G18,G18
G19,G19
G20,G20
G21,G21
G22,G22
G23,G23
G24,G24
G25,G25
G26,G26
G27,G27
G28,G28
G29,G29
G30,G30
G31,G31
G32,G32
G33,G33
G34,G34
G35,G35
G36,G36
G37,G37
G38,G38
G39,G39
G40,G40
G41,G41
G42,G42
G43,G43
G44,G44
G45,G45
G46,G46
G47,G47
G48,G48
G49,G49
G50,G50
G51,G51
G52,G52
G53,G53
G54,G54
G55,G55
G56,G56
G57,G57
G58,G58
G59,G59
G60,G60
G61,G61
G62,G62
G63,G63
G64,G64
G65,G65
G66,G66
G67,G67
G68,G68
G69,G69
G70,G70
G71,G71
G72,G72
G73,G73
G74,G74
G75,G75
G76,G76
G77,G77
G78,G78
G79,G79
G80,G80
G81,G81
G82,G82
G83,G83
G84,G84
G85,G85
G86,G86
G87,G87
G88,G88
G89,G89
G90,G90
G91,G91
G92,G92
G93,G93
G94,G94
G95,G95
G96,G96
G97,G97
G98,G98
G99,G99
G100,G100
