Gene1	Gene2	EdgeWeight
G32	G46	6.24737346439572
G32	G35	6.21751842353301
G2	G46	6.20990654578241
G27	G46	6.19092109359278
G31	G46	6.11833529492362
G2	G35	6.11066854315196
G25	G46	6.06081948982969
G1	G46	6.02716663815929
G42	G46	5.9914164570763
G27	G35	5.96922960488813
G25	G35	5.94635763264469
G24	G46	5.94336213834514
G31	G35	5.9378194059187
G1	G35	5.79540542525328
G42	G35	5.78957835491966
G14	G46	5.75466805143836
G24	G35	5.73871486266288
G41	G46	5.68581756534067
G30	G46	5.66666093714756
G30	G35	5.64920121574556
G49	G46	5.62186235039372
G34	G46	5.60205340018341
G41	G35	5.57929194161572
G14	G35	5.54138873335508
G34	G35	5.45344804403816
G28	G46	5.38144851465265
G49	G35	5.37487120023391
G17	G46	5.29925751234938
G19	G46	5.29781638611989
G5	G46	5.27447436377911
G28	G35	5.25272996951052
G17	G35	5.16247929110956
G5	G35	5.129970430554
G19	G35	5.05916432792368
G40	G46	5.03030545735321
G35	G35	4.92249503555023
G48	G46	4.91034283997057
G18	G46	4.86941941838029
G40	G35	4.8316012699186
G35	G46	4.75824866882581
G38	G46	4.73414094226352
G18	G35	4.71233718026784
G48	G35	4.60915946746826
G38	G35	4.44440471727325
G32	G10	4.42686096866774
G2	G10	4.33254587328544
G25	G10	4.22311685521874
G27	G10	4.18342084439054
G31	G10	4.17799879600765
G23	G46	4.17572031925337
G8	G46	4.09859389108215
G42	G10	4.07463533461656
G1	G10	4.06604404059924
G27	G43	4.05419442398021
G30	G10	4.03489951941434
G24	G10	4.02942284804356
G13	G46	4.0098165126455
G6	G46	4.0003001043951
G13	G35	3.96351639359905
G1	G43	3.96163752198075
G41	G10	3.94742597878211
G31	G43	3.92480023149825
G23	G35	3.92311638267587
G6	G35	3.91703166801877
G42	G43	3.88226185482747
G14	G10	3.87838397556872
G24	G43	3.86904351665007
G34	G10	3.86586308353053
G8	G35	3.8622698801845
G10	G46	3.84386848839663
G2	G43	3.82583698925796
G14	G43	3.79172286226006
G49	G43	3.76260649184811
G49	G10	3.75722401526998
G25	G43	3.74203712594552
G15	G46	3.73734132336763
G32	G43	3.71224631500804
G28	G10	3.7050512992504
G17	G10	3.68223716696129
G5	G10	3.65574176023881
G15	G35	3.60630957584695
G19	G10	3.57664518670776
G32	G20	3.5559278987006
G34	G43	3.54284689091529
G41	G43	3.53533732059958
G10	G35	3.50840753062516
G19	G43	3.5006612162823
G35	G10	3.48526177073215
G12	G35	3.4753669698816
G2	G20	3.46157679462626
G48	G43	3.40161222387225
G12	G46	3.40133427931952
G28	G43	3.39366132071354
G25	G20	3.38703759759568
G18	G10	3.37459222341257
G40	G10	3.37268684685299
G32	G12	3.3663710070444
G30	G43	3.34356136379954
G40	G43	3.33718265966385
G38	G43	3.32135505275916
G17	G43	3.31772627420326
G5	G43	3.31669788390669
G31	G20	3.29802956234174
G2	G12	3.28435423233406
G27	G20	3.28142020291051
G30	G20	3.26052388005379
G48	G10	3.23473247369802
G42	G20	3.22181506633096
G25	G12	3.20470321256296
G1	G20	3.19876898030556
G24	G20	3.17122111360537
G32	G48	3.15123088629322
G27	G18	3.15005593066347
G31	G12	3.1498636371705
G27	G12	3.14483856633779
G41	G20	3.14216601547634
G34	G20	3.09504251336676
G2	G48	3.08937819534702
G38	G10	3.08050608369748
G18	G43	3.08042450278976
G1	G18	3.07887608339662
G30	G12	3.07473233139461
G42	G12	3.07199201596461
G1	G12	3.05871575827899
G31	G18	3.04462105536727
G14	G20	3.03431398424445
G24	G12	3.03294448589671
G42	G18	3.01382227423717
G25	G48	3.00985793232736
G24	G18	3.00482270553092
G27	G48	2.99622397077725
G31	G48	2.98780421900229
G41	G12	2.98780021977098
G17	G20	2.98233705796607
G2	G18	2.95808010654772
G5	G20	2.9561561413507
G14	G18	2.94764188353786
G49	G20	2.93788489428994
G28	G20	2.934950391704
G34	G12	2.9287964974092
G49	G18	2.92831383300233
G42	G48	2.91402021799692
G14	G12	2.91230382496331
G23	G43	2.91151952234689
G1	G48	2.91125380172939
G44	G46	2.90431372559942
G32	G23	2.90260849406582
G25	G18	2.89374852986218
G24	G48	2.88403622475806
G30	G48	2.86915735046226
G32	G18	2.86172384236006
G19	G20	2.86028095508131
G2	G23	2.84456828997137
G10	G43	2.83673943374914
G8	G43	2.83407808726515
G49	G12	2.81863109257125
G41	G48	2.81700324025415
G37	G46	2.80343963078575
G17	G12	2.8005740968675
G28	G12	2.79846749277977
G13	G10	2.78690025265791
G14	G48	2.77929468906189
G5	G12	2.77845447990485
G25	G23	2.77726608293222
G6	G10	2.76273015992458
G34	G48	2.75775179179135
G18	G20	2.75763284416774
G35	G20	2.74679937228142
G27	G23	2.74535195285739
G34	G18	2.74498958603389
G23	G10	2.74223732535869
G31	G23	2.74214319319224
G41	G18	2.73566599231586
G44	G35	2.72681439701275
G32	G37	2.72395461386573
G19	G18	2.72154930206209
G19	G12	2.70281651844433
G8	G10	2.69422409230899
G49	G48	2.69398210974074
G42	G23	2.67870926961982
G2	G37	2.67271873430714
G1	G23	2.67229249913029
G32	G32	2.66133733372438
G48	G18	2.65393222008783
G30	G23	2.64980294963776
G28	G48	2.64696897737032
G24	G23	2.64579886386532
G35	G12	2.64540709296287
G45	G46	2.64520725568835
G28	G18	2.62904034099785
G40	G20	2.62743229675989
G17	G48	2.62154750350536
G25	G37	2.60546193031218
G5	G48	2.60363313446508
G40	G18	2.59545675504317
G38	G18	2.59384019646584
G27	G37	2.5934872522062
G37	G35	2.59274325381525
G41	G23	2.59045663518204
G31	G37	2.58569294010546
G46	G35	2.58307704772749
G30	G18	2.57573611885374
G18	G12	2.57216616064607
G35	G43	2.57188658316704
G2	G32	2.57156272599913
G5	G18	2.5686302435827
G17	G18	2.56841941676414
G48	G20	2.55993158856416
G32	G30	2.55796025507645
G19	G48	2.55518189620519
G34	G23	2.54649800686979
G14	G23	2.54439205277599
G45	G35	2.53358475426624
G40	G12	2.52867942808537
G42	G37	2.52357162751408
G1	G37	2.52137222047298
G25	G32	2.51326954408575
G6	G43	2.50467671854853
G15	G10	2.5040992262193
G24	G37	2.49666777812875
G12	G10	2.4825064801267
G35	G48	2.48238964985075
G30	G37	2.48132114788764
G49	G23	2.46877075508142
G15	G43	2.4670837780893
G2	G30	2.46614207106556
G13	G43	2.46065258931118
G10	G10	2.44551044203829
G30	G32	2.44175470740141
G46	G46	2.44143937150252
G41	G37	2.4368652987796
G17	G23	2.43340233330567
G28	G23	2.43063894447287
G48	G12	2.4305385821503
G31	G32	2.42930111092546
G47	G46	2.42019276315822
G40	G48	2.41887622252438
G5	G23	2.4155019147477
G25	G30	2.41537983128597
G27	G32	2.40577007891818
G14	G37	2.40552958154644
G18	G48	2.40002261959332
G27	G13	2.39136660529351
G34	G37	2.3891026246359
G18	G18	2.38657456520994
G32	G13	2.38541577780181
G2	G13	2.38092290064228
G38	G20	2.3780848831663
G42	G32	2.36628147640844
G19	G23	2.36588950354177
G31	G13	2.35727769939056
G30	G30	2.35414572142829
G1	G32	2.34165532604383
G49	G37	2.33346527882952
G41	G32	2.3304318899761
G1	G13	2.32901885977176
G24	G32	2.32773210470885
G25	G13	2.32407034362716
G48	G48	2.31792982499872
G31	G30	2.31605678907346
G42	G13	2.31101975625635
G39	G46	2.30897395150323
G38	G12	2.29619682252943
G24	G13	2.29389840855084
G28	G37	2.2899457689926
G27	G30	2.28638013385338
G34	G32	2.28400960284493
G47	G35	2.28195565824175
G39	G35	2.28025850142325
G17	G37	2.2732898933152
G23	G18	2.27279330212026
G42	G30	2.25852385901797
G5	G37	2.25768670293307
G35	G23	2.25160767068827
G18	G23	2.23967229633875
G41	G30	2.23081937561796
G1	G30	2.22928824533838
G14	G13	2.22440662337852
G10	G18	2.22299385249101
G14	G32	2.221823024536
G19	G37	2.21786653054478
G38	G48	2.2162216213887
G24	G30	2.21618853293141
G32	G9	2.21258897785153
G40	G23	2.21109022590984
G8	G18	2.21089285299445
G17	G32	2.20283778509313
G34	G30	2.19417090821619
G13	G20	2.18793452823684
G6	G20	2.18765861315317
G41	G13	2.18233833353856
G5	G32	2.18166882379746
G32	G38	2.18121922928889
G49	G13	2.17727574264741
G28	G32	2.17027771594012
G30	G13	2.1617439105447
G34	G13	2.15393304409722
G23	G20	2.15221594627221
G2	G9	2.14901948143254
G48	G23	2.14296561207105
G49	G32	2.14148825751489
G35	G37	2.13342339830137
G17	G30	2.1293159215845
G14	G30	2.10892013076335
G5	G30	2.10733805373011
G8	G20	2.10520418189245
G13	G12	2.10217466981991
G35	G32	2.1020037790138
G25	G9	2.09604163525534
G40	G37	2.09345671499589
G6	G12	2.08732643464775
G19	G32	2.08647438778153
G18	G37	2.08441096297583
G2	G38	2.08150847970893
G28	G30	2.07243526043708
G28	G13	2.0691509768611
G27	G5	2.05519169674197
G23	G12	2.05460629204421
G31	G9	2.04985069437526
G19	G13	2.04724809531973
G27	G9	2.04056163434806
G25	G38	2.03970701747676
G17	G13	2.03432989737181
G49	G30	2.03255103058252
G18	G32	2.029276630814
G38	G23	2.02621215353358
G44	G43	2.02612851575393
G5	G13	2.02580747330247
G30	G9	2.02234942276649
G8	G12	2.01709699275197
G20	G35	2.01408274818336
G48	G37	2.01404179406705
G30	G38	2.01388448207767
G37	G43	2.01225546152588
G1	G5	2.01149166079738
G19	G30	2.00529716777419
G42	G9	1.99612551088577
G12	G20	1.99604075005733
G35	G30	1.99585685007295
G13	G48	1.9921135331709
G1	G9	1.98328293217242
G27	G15	1.98287313117365
G31	G5	1.97386327123634
G6	G48	1.97344794050847
G18	G30	1.9716551276151
G24	G9	1.96968964130646
G23	G48	1.96778215589556
G35	G18	1.96615690242811
G42	G5	1.96061323965933
G24	G5	1.95720946749694
G32	G19	1.95580307468661
G41	G9	1.95287640479341
G40	G13	1.94655283803931
G2	G19	1.94167360960244
G1	G15	1.94131513858508
G6	G18	1.93908742191828
G8	G48	1.93403703323154
G27	G19	1.93347600546095
G15	G20	1.92748685568402
G14	G5	1.92694313032307
G31	G38	1.92600124210135
G49	G5	1.92355038163784
G10	G20	1.92231666612325
G38	G37	1.92149757912557
G40	G32	1.92080816778855
G26	G46	1.92000386322418
G15	G18	1.91817155882041
G31	G19	1.91165134609073
G34	G9	1.90979235465081
G48	G13	1.90867596290842
G13	G18	1.90209547067774
G31	G15	1.90133000491983
G44	G10	1.89588667429736
G25	G19	1.89404201313168
G12	G12	1.89398310369816
G2	G5	1.89311014789718
G42	G15	1.89008889825132
G20	G46	1.88889357085952
G14	G9	1.88840941128146
G24	G15	1.88734271424959
G27	G38	1.88557879618508
G1	G19	1.88129625456124
G41	G38	1.87668390998295
G12	G43	1.8755967334254
G42	G38	1.87359260045801
G15	G12	1.8713701932662
G18	G13	1.87086083188195
G42	G19	1.87054266080901
G14	G15	1.85963310011385
G49	G15	1.85871238354453
G24	G19	1.85606076463508
G25	G5	1.85391141829578
G32	G8	1.85035698547074
G38	G13	1.84460103175572
G48	G32	1.84426318089223
G26	G35	1.84187726393498
G34	G38	1.84123494998647
G1	G38	1.83789961846105
G24	G38	1.83333023292657
G17	G9	1.82870311853534
G27	G17	1.82785793270286
G10	G12	1.82672083001827
G28	G9	1.82543422403673
G49	G9	1.82287131999556
G40	G30	1.81864832417623
G13	G23	1.81762220928444
G2	G15	1.81758376471296
G46	G10	1.81596742139717
G5	G9	1.81338383803235
G37	G10	1.81329640111672
G23	G23	1.8125471357353
G6	G23	1.81095265881513
G32	G5	1.80846760076319
G35	G13	1.80077810483166
G45	G10	1.80030977731315
G17	G38	1.79881571938489
G15	G48	1.79872500594293
G14	G19	1.79705594192443
G1	G17	1.78987975161175
G2	G8	1.78461031746082
G19	G5	1.78377050410595
G25	G15	1.78013768415125
G5	G38	1.77775876329825
G41	G19	1.77773974115934
G8	G23	1.77654503401859
G34	G5	1.77328990367062
G30	G19	1.77323984522438
G48	G30	1.76435733378793
G48	G5	1.76401490092627
G12	G48	1.7637930297945
G10	G48	1.75806224736151
G35	G9	1.75696293711275
G41	G5	1.75605473536382
G49	G19	1.75414873728545
G19	G9	1.75127949739427
G34	G19	1.74867341647875
G31	G17	1.74859556607365
G25	G8	1.74357868748734
G42	G17	1.73980200027456
G24	G17	1.73858238041485
G14	G38	1.73527402381664
G28	G38	1.73356812992158
G32	G15	1.73073210778645
G38	G5	1.7270729503586
G45	G43	1.72695349935455
G35	G38	1.72435498634549
G19	G15	1.72123314473015
G13	G37	1.71962278407658
G49	G17	1.71725663609275
G14	G17	1.71566288149177
G38	G32	1.71071621965821
G23	G37	1.70851305564662
G48	G15	1.70753936771548
G6	G37	1.70676973116634
G34	G15	1.70579365596002
G40	G5	1.69931106118792
G30	G8	1.69780847324774
G28	G5	1.69505536879209
G41	G15	1.68711400098528
G47	G43	1.68551039337836
G31	G8	1.68241995310664
G28	G19	1.68230290729374
G8	G37	1.67789003046306
G18	G9	1.67729633675915
G38	G15	1.67435006553392
G18	G38	1.66661693099871
G27	G8	1.66421055822968
G2	G17	1.66324960092194
G49	G38	1.66291815808062
G39	G10	1.66258146186766
G19	G38	1.66150833571358
G5	G5	1.65798753695412
G17	G5	1.65543738147813
G17	G19	1.65265286728527
G19	G19	1.64988179217779
G5	G19	1.64487376973171
G40	G15	1.64153972415044
G42	G8	1.63745420328882
G40	G9	1.63726617240902
G15	G23	1.63386663774117
G13	G32	1.6307307729794
G28	G15	1.63058116079764
G25	G17	1.62913379287324
G10	G23	1.62911843551643
G23	G13	1.62463336599907
G30	G5	1.6242863199905
G6	G32	1.62057112371198
G1	G8	1.61903615694706
G12	G23	1.61823367403527
G41	G8	1.61685583216312
G38	G30	1.61329262552216
G24	G8	1.61078362802927
G8	G13	1.59355715166267
G5	G15	1.5933626393394
G17	G15	1.59053818112415
G19	G17	1.58697496853182
G27	G39	1.58621466383161
G47	G10	1.58438210740814
G34	G8	1.58274376680013
G48	G17	1.58213389874839
G44	G18	1.58158418473746
G32	G17	1.57670905123414
G37	G18	1.57394949273012
G40	G19	1.5710907378323
G34	G17	1.56543152151746
G48	G9	1.56351693205205
G1	G39	1.55633262551664
G15	G37	1.55420371049909
G38	G17	1.55418737257679
G30	G15	1.55352570518754
G32	G2	1.55346495246608
G43	G46	1.55078827682599
G23	G32	1.54925678792736
G13	G30	1.54834458415317
G6	G30	1.5467396469724
G41	G17	1.54587876438491
G18	G5	1.5451553031839
G13	G13	1.53772277486824
G6	G13	1.53711435049194
G14	G8	1.53698462304308
G10	G37	1.5317054036175
G43	G35	1.52754845578291
G17	G8	1.527203154964
G48	G19	1.52674036486734
G12	G37	1.52065325705134
G8	G32	1.51950780967934
G12	G32	1.51649670633495
G18	G19	1.51600472115995
G40	G17	1.5153410683822
G23	G5	1.51298985858541
G5	G8	1.51246049310663
G49	G39	1.5092649377138
G2	G2	1.50837323056921
G10	G13	1.5062236331036
G28	G8	1.50443961553365
G10	G5	1.50413948957139
G24	G39	1.50293425251127
G35	G19	1.5002236661376
G42	G39	1.49928485861136
G31	G39	1.49768775696893
G28	G17	1.49665899865471
G14	G39	1.49431601586505
G40	G38	1.48911531646388
G18	G15	1.48526782902355
G49	G8	1.47934581576534
G23	G30	1.47545706442176
G25	G2	1.4751677856666
G38	G19	1.47504240001553
G38	G9	1.47335323148691
G44	G20	1.4730696455823
G35	G8	1.46811634449088
G8	G5	1.46704144676169
G23	G15	1.46504217463671
G20	G10	1.46464740804426
G10	G15	1.4615047539389
G5	G17	1.46098485632085
G17	G17	1.45744297668297
G12	G30	1.4561957572409
G45	G20	1.45290391243203
G15	G13	1.4459092926809
G32	G16	1.4428920339266
G8	G30	1.44275984807115
G19	G8	1.44195537475738
G12	G18	1.43631044719424
G48	G38	1.43500345198371
G31	G2	1.43304399426639
G37	G20	1.43006240646359
G30	G2	1.42459123804329
G27	G2	1.42361633000708
G8	G15	1.42061000958964
G44	G12	1.41635931626742
G48	G39	1.41450243244882
G30	G17	1.41342866543088
G15	G32	1.41315319240111
G2	G16	1.40993249805828
G18	G8	1.40597975377644
G46	G20	1.40534167266332
G38	G39	1.40125740031752
G9	G46	1.39948139220267
G39	G20	1.39886551493906
G42	G2	1.39845391390155
G27	G45	1.39162458778342
G1	G2	1.38698437177517
G2	G39	1.38528283117879
G19	G39	1.38190249029957
G25	G16	1.37820269689048
G24	G2	1.37626338913118
G13	G9	1.37599072598973
G46	G12	1.37460891860742
G41	G2	1.3684074883099
G45	G12	1.36499922346618
G6	G9	1.36252239815564
G44	G48	1.36246579844416
G18	G17	1.36210220525486
G10	G17	1.36179810418424
G31	G45	1.36133861479337
G23	G17	1.3587874242304
G25	G39	1.35841059387021
G37	G12	1.35818561072835
G1	G45	1.35700944319633
G10	G32	1.35675688813522
G2	G45	1.35471762499538
G31	G16	1.35185735708225
G27	G16	1.34960423281081
G39	G43	1.34959107430331
G34	G2	1.34525248736501
G45	G18	1.34134118590338
G32	G45	1.33990014484024
G42	G45	1.33937906082281
G27	G6	1.33688704968072
G24	G45	1.33195486097575
G15	G30	1.32845736113096
G2	G6	1.32814330428065
G32	G6	1.32811912154076
G40	G8	1.32737172933002
G34	G39	1.32681840129512
G40	G39	1.32586898575286
G25	G45	1.32327048984617
G42	G16	1.32086304973411
G23	G9	1.320732656117
G30	G16	1.32013438804096
G31	G6	1.31679522272672
G8	G17	1.31644938289597
G14	G2	1.31573787527621
G47	G18	1.31572073641192
G1	G16	1.31481751874579
G1	G6	1.3028729875288
G24	G16	1.30236095934318
G37	G48	1.30160702121877
G13	G38	1.29958083900812
G23	G19	1.29900332743785
G14	G45	1.29761936485647
G8	G9	1.29759256539649
G25	G6	1.29730040306486
G17	G2	1.29624302615804
G41	G39	1.29617543684312
G10	G30	1.29534058722809
G6	G38	1.29525544896577
G46	G48	1.29499069633117
G26	G10	1.29359524147744
G42	G6	1.29226179105368
G38	G38	1.2909320354753
G12	G13	1.28888300200153
G32	G47	1.28788118076848
G5	G2	1.28444109731163
G45	G48	1.283955895599
G32	G25	1.2838825613068
G39	G12	1.2829802095031
G24	G6	1.28242690911224
G41	G16	1.28196270402722
G32	G39	1.27740677718731
G49	G45	1.2773187041897
G28	G2	1.27698537656063
G8	G19	1.27638072100929
G49	G2	1.27199031257574
G48	G8	1.27109368160555
G28	G39	1.26753363398392
G26	G43	1.26463070352609
G34	G16	1.26184990590143
G12	G38	1.26041620580208
G13	G19	1.25679443325771
G12	G9	1.25495892244426
G10	G39	1.25482086789556
G15	G5	1.25260562840788
G6	G19	1.25111993764875
G14	G16	1.24936717698361
G44	G23	1.24907597630088
G6	G5	1.24670872795959
G2	G47	1.2463898488629
G41	G45	1.24603570617287
G27	G40	1.2455776017704
G14	G6	1.24398225551438
G2	G25	1.23889857443321
G19	G2	1.23798252880483
G34	G45	1.23714589535146
G5	G39	1.23212478302562
G9	G35	1.23185630289635
G46	G43	1.23171654202031
G47	G20	1.22561285425299
G17	G39	1.22542448564466
G1	G40	1.22417552601054
G33	G46	1.22208020002051
G25	G47	1.22158326272363
G20	G20	1.22116149470648
G23	G39	1.21941736052826
G49	G6	1.21890968500549
G41	G6	1.21765777928396
G25	G25	1.21613986720768
G13	G5	1.21331814780763
G15	G9	1.21252505814439
G49	G16	1.21136753035879
G30	G45	1.21097926675165
G17	G16	1.21073858172821
G35	G2	1.21071642835394
G15	G15	1.20994599840097
G32	G44	1.209718310146
G37	G23	1.20494396948436
G34	G6	1.20446869932409
G30	G6	1.20405678664124
G5	G16	1.20096332446511
G28	G16	1.20039434768517
G6	G15	1.199093727993
G18	G2	1.19660005384741
G19	G45	1.19492628133901
G23	G38	1.19420954329493
G45	G23	1.1932469356052
G35	G5	1.19261536153531
G10	G19	1.19133298130731
G49	G40	1.19057005749479
G28	G45	1.18749030765483
G30	G47	1.18501591724651
G30	G25	1.18445868285379
G47	G12	1.18215201422608
G44	G37	1.18189194719964
G24	G40	1.17954268474215
G38	G8	1.17781669804748
G8	G39	1.1772345448193
G42	G40	1.17675624159732
G31	G47	1.17560366709403
G39	G48	1.17474310874086
G14	G40	1.17467000294878
G31	G40	1.17182642109336
G19	G16	1.1699731745412
G15	G19	1.16922293928105
G8	G38	1.16706365047663
G13	G15	1.16529359283927
G17	G45	1.16401887367417
G27	G47	1.16333628092552
G10	G9	1.16189184786887
G31	G25	1.16139027483324
G5	G45	1.16111879334442
G46	G23	1.15977542750297
G28	G6	1.15484857386928
G18	G39	1.15203486902206
G2	G44	1.15201341322824
G19	G6	1.14872473386517
G42	G47	1.14819816809237
G27	G25	1.14545374843412
G47	G48	1.13923074878904
G40	G2	1.13902920032986
G17	G6	1.13886260251533
G40	G45	1.13817911834204
G30	G39	1.13797261279409
G20	G12	1.13585126806564
G1	G47	1.13521182690335
G42	G25	1.13494231593251
G5	G6	1.13429438241966
G48	G45	1.13412985161919
G37	G37	1.13259280649314
G35	G15	1.13239219618981
G13	G8	1.13203336960737
G44	G13	1.13072910519699
G41	G47	1.12843620257247
G48	G40	1.12820846215567
G24	G47	1.12700866739836
G25	G44	1.1265662268955
G6	G8	1.12335231478768
G41	G25	1.11947682535494
G1	G25	1.11925833601437
G18	G16	1.11711872236552
G15	G17	1.11687802821977
G9	G43	1.11677679275026
G35	G16	1.11563445387684
G45	G37	1.1150250721209
G30	G44	1.11487433776794
G38	G40	1.11363818497392
G33	G35	1.11306348156657
G34	G47	1.11305953941374
G32	G49	1.11198268942979
G24	G25	1.11141317430532
G46	G37	1.10838908863565
G39	G23	1.10766725665187
G34	G25	1.10636035779643
G48	G2	1.10315364729782
G38	G45	1.10154040955585
G6	G17	1.09950539856715
G37	G13	1.09449836655588
G19	G40	1.09363565111222
G46	G32	1.09157579329519
G40	G6	1.08814899232488
G40	G16	1.08407834728804
G15	G38	1.08396711203283
G17	G47	1.08004594217159
G17	G25	1.07853397172951
G32	G33	1.07594055662952
G2	G40	1.07563955803952
G18	G45	1.0743836048184
G14	G47	1.07388556282301
G48	G6	1.07383844464592
G5	G47	1.0694237327555
G12	G19	1.0686302355106
G23	G8	1.06795592557443
G32	G7	1.06723324619849
G5	G25	1.06691805640993
G13	G17	1.06657738857248
G31	G44	1.06577211463474
G45	G32	1.06218747073303
G44	G32	1.06067638984935
G12	G8	1.05763364328198
G37	G5	1.05705750072599
G25	G40	1.05667991199519
G14	G25	1.05557084129171
G48	G16	1.05403396122617
G2	G49	1.05402593165892
G44	G5	1.05163818235188
G28	G47	1.04981080440467
G18	G6	1.0498079012222
G8	G8	1.04721291603889
G2	G7	1.04670746546324
G27	G44	1.04322333193888
G39	G32	1.04310669168264
G32	G41	1.04272008458093
G40	G40	1.04241532461315
G47	G23	1.04180096422572
G41	G44	1.03917175843998
G28	G25	1.03915346802136
G34	G40	1.03883354286636
G39	G18	1.03851932833763
G49	G47	1.03741283358445
G38	G6	1.03503303575216
G25	G49	1.03471783252581
G42	G44	1.03439217317987
G20	G48	1.03154166562384
G30	G49	1.03053938609549
G43	G43	1.02716523117207
G39	G30	1.02712379493666
G2	G33	1.02604283968957
G45	G30	1.02577883801678
G10	G38	1.02570299079638
G37	G15	1.02528544402293
G38	G2	1.02508004640299
G46	G30	1.02455857507986
G19	G47	1.02366866127524
G39	G37	1.02088520881115
G45	G13	1.02041676185362
G25	G7	1.02014206224915
G26	G20	1.02012847511967
G49	G25	1.01932292190691
G44	G15	1.01923701334517
G37	G32	1.01902793578752
G35	G17	1.01891904397356
G43	G10	1.01649127573908
G19	G25	1.01564628765455
G27	G7	1.01520688731452
G1	G44	1.01477511278497
G34	G44	1.01452651672849
G24	G44	1.01367710824299
G31	G7	1.01232303572532
G10	G40	1.01129129782597
G2	G41	1.01059031965867
G41	G40	1.00803437007131
G25	G33	1.0064869674925
G18	G25	1.00394302119627
G44	G30	1.00389005813208
G18	G47	1.00239940068056
G30	G33	0.994777518568236
G35	G6	0.992202756671488
G35	G47	0.992014617283133
G38	G16	0.988157857246959
G28	G40	0.98812780237575
G42	G7	0.987733318352772
G17	G44	0.987531845922545
G47	G37	0.987426413649389
G1	G7	0.986802182021214
G25	G41	0.986099484237277
G35	G25	0.984152949522327
G26	G18	0.983000612986305
G32	G40	0.982269044741388
G35	G45	0.979226211439438
G24	G7	0.977259359826132
G15	G8	0.977048291218619
G5	G44	0.976095245921966
G15	G39	0.975484880728048
G35	G44	0.974017502571672
G37	G30	0.974003809484922
G26	G12	0.973668529893007
G23	G40	0.972158774974429
G30	G7	0.972043052499408
G23	G45	0.967999318078403
G5	G40	0.966570379445253
G31	G49	0.963672734292592
G17	G40	0.960623357742271
G31	G41	0.960581827435026
G14	G44	0.96041190929981
G28	G44	0.960081125907444
G20	G23	0.956906737820888
G13	G2	0.955078415584413
G27	G41	0.954432839391536
G41	G7	0.954271414974519
G30	G41	0.954142439092823
G37	G17	0.953127806666249
G6	G2	0.952632038244866
G41	G49	0.94746390459925
G31	G33	0.947113064730676
G20	G32	0.947026498603341
G8	G45	0.946283687591799
G44	G17	0.945325307749369
G47	G13	0.941931447728336
G14	G7	0.941486356446868
G27	G49	0.937065133076536
G42	G49	0.937043032972334
G8	G40	0.935490704815788
G42	G41	0.935227853397368
G46	G18	0.935202734034126
G34	G7	0.934942086758297
G34	G49	0.930794668339682
G10	G8	0.930612085638149
G1	G41	0.927937798253285
G23	G2	0.927231716934322
G6	G39	0.927039798105273
G40	G47	0.926508802291967
G33	G43	0.92606379297723
G27	G33	0.926011060431677
G26	G48	0.925955951479155
G41	G33	0.924330699979264
G20	G30	0.924053807368655
G42	G33	0.921966623394756
G24	G41	0.921919690314895
G46	G13	0.91906377449814
G49	G44	0.918136773857439
G46	G9	0.918101628357767
G41	G41	0.917396349444706
G10	G45	0.91692575251262
G17	G49	0.916503303718772
G1	G49	0.914405802698466
G24	G49	0.913840954837091
G23	G6	0.91369555559254
G49	G7	0.913062788388112
G18	G44	0.910174643320857
G19	G44	0.909838629870094
G40	G25	0.909524374916256
G44	G9	0.909474879898272
G34	G33	0.908563352165709
G18	G40	0.908411976316996
G8	G2	0.908241750011467
G48	G47	0.906780351309432
G5	G49	0.904685732401866
G44	G19	0.904594900589408
G1	G33	0.90342820267117
G24	G33	0.901073687005974
G34	G41	0.89709975170745
G28	G7	0.896726715440499
G13	G16	0.895962818135001
G8	G6	0.894596838617723
G6	G16	0.894582399153975
G48	G25	0.893996972940549
G39	G38	0.890350707816072
G17	G33	0.89006324994939
G17	G7	0.889194969970945
G46	G38	0.889028711550845
G20	G37	0.889007014203117
G23	G16	0.888782657559149
G13	G39	0.887676142544293
G45	G9	0.886111080912342
G47	G32	0.883917906754554
G5	G7	0.883013250189871
G14	G41	0.882403998869187
G12	G5	0.880894618041885
G6	G45	0.879687891479724
G9	G18	0.879540494642902
G5	G33	0.879360931361808
G39	G13	0.87875933354616
G35	G49	0.877143276469044
G12	G2	0.876983584771647
G20	G43	0.876797643006912
G45	G5	0.876502163076162
G30	G40	0.874997983580362
G47	G5	0.87453266295463
G13	G45	0.873926985551519
G28	G49	0.871087827490542
G8	G16	0.870341978439764
G37	G19	0.870038476589862
G37	G9	0.868551131529686
G37	G39	0.867078501346072
G19	G7	0.867037078855693
G14	G49	0.860508088191978
G17	G41	0.860485166664652
G6	G6	0.857129040832328
G28	G41	0.856525966085303
G45	G38	0.855959917784822
G13	G6	0.854990313722492
G28	G33	0.852996372652243
G5	G41	0.852783480040422
G18	G49	0.852515383343092
G14	G33	0.851663273874436
G10	G6	0.851437276608085
G49	G41	0.851214996491185
G26	G23	0.851145286992783
G44	G39	0.849622367340857
G47	G15	0.847086864704125
G9	G10	0.845336754020568
G35	G33	0.84521616175791
G45	G15	0.844794178183782
G39	G9	0.844273126163638
G15	G45	0.844064401894777
G35	G7	0.838420208016118
G12	G15	0.837555952228644
G15	G2	0.836750054563358
G19	G49	0.834767723742585
G47	G30	0.834608863526058
G7	G35	0.831601796405887
G35	G41	0.829618663904758
G38	G47	0.829208665673906
G18	G33	0.826659294392804
G20	G38	0.826557213212583
G40	G44	0.824738508807335
G45	G19	0.82340908328806
G10	G2	0.82237487842845
G49	G49	0.822042556842187
G19	G41	0.820568686010799
G19	G33	0.820450958444808
G40	G7	0.819602880702531
G49	G33	0.816328040428063
G18	G7	0.814652283910347
G38	G25	0.808792931185558
G44	G38	0.806826511716769
G12	G16	0.806591212545719
G7	G46	0.806586087658804
G15	G6	0.806514912966216
G26	G37	0.802271325627256
G43	G18	0.79913061033224
G15	G16	0.798101526724678
G10	G16	0.797230270924635
G32	G28	0.791087515282366
G18	G41	0.789550799026234
G48	G7	0.786709516448683
G47	G17	0.785922242083915
G32	G14	0.783193687747124
G48	G44	0.783170085437355
G6	G47	0.782572536972079
G37	G38	0.781437313251914
G13	G47	0.780602380832405
G2	G28	0.777747561746603
G45	G17	0.777720616156861
G6	G25	0.775097824339969
G46	G19	0.77411955172607
G13	G25	0.770766005126498
G40	G41	0.764822657932538
G46	G8	0.763518964056285
G15	G40	0.763412701626693
G20	G9	0.76299944042521
G27	G28	0.760627869453102
G47	G9	0.759917118103977
G35	G39	0.758774726306161
G23	G47	0.758679251326323
G25	G28	0.758224066028476
G31	G28	0.756723397723724
G33	G10	0.756440958372687
G12	G17	0.755092119855584
G47	G19	0.754217572891792
G38	G7	0.751424952749233
G26	G32	0.746027044263555
G2	G14	0.745503100992605
G23	G25	0.744770802537138
G16	G35	0.742673386212883
G26	G13	0.742022283901542
G8	G47	0.740392216632197
G43	G48	0.739903033372377
G1	G28	0.739416808992565
G43	G12	0.73883265142673
G42	G28	0.738373621349998
G25	G14	0.736507548985502
G40	G49	0.735040428170656
G45	G8	0.73462441774374
G24	G28	0.731427559135532
G30	G14	0.730358094249384
G44	G8	0.730253204863475
G40	G33	0.73011063054432
G48	G41	0.729364059960236
G12	G47	0.727144579804172
G33	G18	0.727092406064493
G12	G25	0.726736891056991
G8	G25	0.72638421544691
G13	G44	0.725275224817766
G39	G8	0.724680656296152
G32	G4	0.721770653512591
G6	G40	0.720889640682663
G39	G19	0.719036969798351
G30	G28	0.718776552929789
G6	G44	0.71809485975725
G12	G6	0.713583461249863
G48	G49	0.711474647875483
G26	G30	0.711262842058727
G38	G44	0.710939287686415
G41	G28	0.710034624287169
G43	G20	0.708696554322428
G48	G33	0.707406288040908
G47	G39	0.705749374851982
G14	G28	0.705313152432084
G12	G45	0.705298666818265
G12	G44	0.704266444547954
G20	G13	0.703823877659965
G37	G8	0.700728862065693
G2	G4	0.697889305710223
G37	G40	0.695973399249557
G34	G28	0.695073086214973
G16	G46	0.693211821820698
G49	G28	0.685381177161914
G38	G41	0.684926846193416
G13	G40	0.683985434937838
G25	G4	0.682932950870826
G31	G14	0.679766634252159
G15	G47	0.675467142950155
G44	G40	0.675347985321714
G27	G27	0.674507812784331
G13	G7	0.674236025950948
G44	G45	0.673653509024029
G10	G47	0.673338262354982
G45	G39	0.671799225039207
G47	G38	0.671254382069121
G28	G28	0.6693003923734
G41	G14	0.668664049886476
G6	G7	0.668614902964421
G23	G7	0.667428956023225
G34	G14	0.666515694976951
G42	G14	0.665334101519895
G17	G14	0.664376170173088
G1	G27	0.664161146063967
G27	G31	0.663997344854843
G30	G4	0.663075464575109
G20	G8	0.662965979531118
G27	G14	0.660133891278792
G10	G25	0.660060869051136
G15	G25	0.65977095220556
G20	G18	0.65951123090617
G37	G45	0.659257820745783
G31	G4	0.658791211580404
G17	G28	0.658608978619927
G8	G7	0.655988958126959
G5	G14	0.655427449284746
G39	G5	0.655360799107817
G5	G28	0.654497124082745
G23	G44	0.653618175354052
G49	G27	0.652283606282468
G27	G4	0.652173237653103
G13	G49	0.651387149609148
G6	G49	0.650958084562943
G9	G20	0.650230578084885
G1	G31	0.648726275869104
G1	G14	0.648206612422251
G19	G28	0.647040658428357
G12	G49	0.646833738263018
G13	G41	0.646036989984585
G24	G14	0.645499088786814
G31	G31	0.643620782070112
G26	G5	0.642821823271722
G42	G4	0.64246962823027
G43	G23	0.641555204534245
G8	G44	0.640833610939756
G6	G41	0.639808090600898
G14	G27	0.638171372914847
G13	G33	0.637595162333856
G6	G33	0.637193481312474
G24	G27	0.636369330378842
G42	G31	0.636259662496575
G1	G4	0.635510433625243
G44	G2	0.635149732543458
G44	G6	0.634615601149535
G24	G31	0.633815234187082
G42	G27	0.633007665546568
G43	G37	0.632618202182115
G41	G4	0.632175208525886
G38	G33	0.632046266648729
G24	G4	0.631378464594072
G26	G9	0.631110063300361
G45	G2	0.629170613105104
G2	G31	0.629087007532549
G18	G14	0.627554222687306
G38	G49	0.627134607552832
G48	G27	0.627078815699414
G31	G27	0.626643701759905
G39	G15	0.625657930751431
G38	G27	0.624053917923131
G9	G12	0.623900778213071
G46	G2	0.623615749487121
G35	G28	0.622002113971254
G34	G4	0.621359670349479
G12	G33	0.621138273599998
G14	G31	0.620525905480348
G26	G15	0.620403548800979
G37	G6	0.617533422634921
G40	G28	0.61587358643774
G49	G31	0.615299588988421
G25	G31	0.6151259339394
G23	G41	0.6149683857132
G37	G2	0.613795878367044
G28	G14	0.613667513583086
G32	G31	0.611863639467749
G9	G48	0.61156788725154
G44	G16	0.610628222855441
G39	G2	0.60966243938368
G47	G8	0.609380900481292
G15	G7	0.608957542663234
G19	G14	0.607447377943375
G9	G5	0.606504641619542
G14	G14	0.605267345268365
G8	G41	0.604657771725463
G15	G44	0.60426663384566
G14	G4	0.602185980747142
G18	G28	0.602132492658329
G43	G13	0.602033024745795
G17	G4	0.600936617499118
G26	G19	0.599034175914488
G10	G7	0.597348381640596
G12	G7	0.5967257030709
G5	G4	0.595102200314786
G20	G19	0.594999426157071
G19	G27	0.593742708659979
G12	G41	0.593478251073196
G45	G45	0.592891947947867
G7	G10	0.592301169640069
G9	G15	0.592132774158001
G45	G16	0.592088367770265
G37	G16	0.591026639498069
G48	G28	0.589452836348344
G23	G49	0.588475404868242
G28	G4	0.588446259309583
G23	G33	0.587391468270464
G26	G38	0.586542333971569
G27	G34	0.585985947728943
G35	G14	0.584215286908656
G49	G14	0.581833489452493
G34	G31	0.581247848039123
G49	G4	0.580987162312921
G41	G31	0.580838833958146
G10	G27	0.576297959572646
G1	G34	0.574891668813628
G8	G49	0.573527167274468
G8	G33	0.573240772020084
G45	G6	0.572855939746972
G46	G16	0.572539345991133
G19	G31	0.572387457216612
G12	G39	0.572363344433758
G26	G17	0.572095202627852
G19	G4	0.569325674073501
G40	G27	0.568998157105614
G38	G28	0.567579012994276
G39	G17	0.567351592481945
G15	G41	0.565780373206716
G9	G23	0.565435902973615
G33	G20	0.564599964644852
G35	G4	0.56376239478597
G47	G45	0.561079077890623
G47	G40	0.560454131136263
G39	G16	0.559318941849451
G2	G27	0.559195124064404
G49	G34	0.557563979976059
G28	G31	0.557164668362559
G33	G12	0.555551711192501
G18	G4	0.555465248466067
G24	G34	0.555223290787631
G9	G17	0.555110398780858
G9	G13	0.554521193602698
G48	G31	0.554323881276108
G10	G44	0.554123814560127
G35	G40	0.554042148535418
G42	G34	0.553770778449766
G31	G34	0.553268089363463
G14	G34	0.552082576643605
G30	G31	0.551401047014404
G25	G27	0.549971045536368
G34	G27	0.549671924001276
G33	G48	0.548336822163561
G46	G5	0.547042690707166
G40	G31	0.546409669935797
G17	G31	0.544280132309993
G5	G31	0.543821798122104
G23	G27	0.542092604513756
G38	G31	0.541593330867006
G20	G2	0.540440391301517
G10	G41	0.539057046947867
G16	G10	0.535465767326967
G9	G37	0.534262503736082
G45	G40	0.531655646249279
G15	G49	0.531044445711943
G15	G33	0.529556691193039
G47	G2	0.528629158467792
G47	G6	0.52853030805968
G9	G39	0.528347702808016
G41	G27	0.527637281751318
G39	G25	0.526471667363021
G43	G32	0.525790974003529
G45	G47	0.523163541660942
G28	G27	0.522569373102055
G48	G34	0.522470303218231
G48	G14	0.521146565889688
G45	G25	0.521058812557921
G8	G27	0.520390260268443
G40	G4	0.520106902335117
G39	G47	0.518767838855668
G43	G5	0.518265984589732
G38	G34	0.51771525701984
G46	G15	0.516786832386525
G26	G8	0.515733191499271
G44	G47	0.515707356042139
G40	G14	0.515193760196291
G2	G34	0.511593113665374
G19	G34	0.510363582714471
G46	G44	0.509137309437241
G5	G27	0.508636320919476
G47	G16	0.508494875905964
G10	G33	0.505577514025486
G44	G25	0.504759913766182
G18	G31	0.504617070563317
G46	G47	0.504307585935857
G13	G28	0.504238914573068
G17	G27	0.504028225313399
G48	G4	0.503703712734854
G37	G47	0.503686548494647
G43	G15	0.502051695323041
G46	G6	0.501738420925074
G25	G34	0.50168083982474
G10	G49	0.50031667235477
G23	G28	0.500197152178069
G6	G28	0.499154374200544
G46	G25	0.498443539090327
G26	G39	0.497892845041164
G33	G23	0.496961993561239
G32	G27	0.495492985838876
G37	G25	0.494945097809328
G33	G5	0.493804099992366
G8	G28	0.493445429317884
G39	G6	0.492389042564184
G43	G19	0.490261576505592
G39	G45	0.490138016169904
G34	G34	0.489971859581495
G40	G34	0.489798636059907
G46	G45	0.488276210990268
G39	G44	0.485065689927346
G20	G16	0.484852568942241
G33	G13	0.481265350010054
G33	G15	0.481069404225211
G4	G35	0.480917106914225
G18	G27	0.479296069630506
G41	G34	0.478774748369487
G43	G9	0.478192476129839
G33	G37	0.475769751511226
G48	G1	0.475537388940505
G38	G1	0.475319271102711
G27	G1	0.475205173235424
G23	G31	0.474170177804803
G49	G1	0.47294301939542
G7	G20	0.472454507968977
G32	G34	0.471814386353682
G1	G1	0.470934439148652
G28	G34	0.468241251709736
G45	G44	0.467764506786575
G39	G49	0.465147804893738
G43	G17	0.464997131535402
G20	G25	0.464570368086829
G38	G4	0.464207208660873
G43	G30	0.464165037340822
G10	G34	0.463481160507588
G8	G31	0.462368112858436
G44	G7	0.462165102818123
G10	G1	0.46156549474873
G20	G44	0.460896368350593
G10	G31	0.460261603575769
G32	G21	0.459682029851158
G46	G17	0.459659076173105
G15	G28	0.459131904152379
G6	G14	0.457121151450023
G20	G47	0.456757696000584
G5	G34	0.455015042145724
G14	G1	0.453332372401876
G4	G46	0.453277072591141
G17	G34	0.452486251005916
G7	G12	0.451359154544044
G39	G39	0.450871281570577
G23	G34	0.450462824993249
G33	G17	0.449736728209842
G10	G28	0.449724540885584
G46	G49	0.449442784475457
G13	G14	0.448138194149407
G12	G14	0.446533867110807
G2	G21	0.446523612950636
G38	G14	0.445218801245433
G24	G1	0.445074160104221
G9	G32	0.445022516405603
G32	G1	0.44416372279473
G39	G33	0.443950771357649
G44	G44	0.443371677343171
G16	G20	0.44248036729457
G26	G2	0.442122963455375
G37	G7	0.441967768292617
G12	G28	0.440884008978915
G42	G1	0.440396896077624
G13	G4	0.440088533826927
G6	G4	0.439058438634965
G30	G27	0.438308179537478
G46	G7	0.436866912568583
G45	G7	0.435786482057175
G20	G49	0.435369177431249
G8	G34	0.43487753268875
G25	G21	0.434775630252359
G46	G41	0.434392252916658
G46	G33	0.433383820066936
G32	G22	0.433291421303882
G45	G49	0.433141965564573
G26	G45	0.43266585157081
G9	G19	0.432419593994405
G7	G43	0.430542970740388
G9	G40	0.42932655344854
G31	G1	0.428692783681486
G47	G47	0.42852978232535
G35	G31	0.428123111913502
G19	G1	0.427247850816019
G23	G14	0.427037100584185
G31	G21	0.426925461551505
G12	G40	0.426833062486597
G27	G21	0.425506781869078
G18	G34	0.425308665997081
G37	G44	0.424209441969925
G45	G33	0.423549773109696
G44	G41	0.423410320143175
G23	G4	0.422366751808244
G27	G36	0.421620574575246
G7	G48	0.421028499410218
G33	G39	0.420458980088809
G9	G30	0.420330109879803
G30	G34	0.420166032508337
G30	G21	0.419302271397773
G2	G22	0.419247459352979
G26	G16	0.419058315352219
G47	G25	0.418136785571086
G30	G1	0.416344012333289
G15	G27	0.416186125660595
G45	G41	0.415867197686532
G26	G6	0.415349340654446
G42	G21	0.415181281044169
G16	G12	0.414282285445695
G8	G4	0.413307369166598
G1	G21	0.41295780889383
G23	G1	0.412895058824348
G1	G36	0.412059406013087
G8	G14	0.41192215545105
G6	G31	0.411747845967744
G25	G22	0.411316374262281
G43	G39	0.410372167784656
G24	G21	0.410335437472809
G20	G33	0.409922248466941
G12	G4	0.409607461471171
G31	G36	0.407810224971578
G40	G1	0.406983363534347
G41	G21	0.406159486547064
G13	G31	0.40524521860639
G15	G31	0.404322374616703
G37	G41	0.403887331087643
G42	G36	0.403559680994122
G2	G1	0.40322897687513
G24	G36	0.402263436828681
G39	G41	0.400442945333521
G30	G22	0.399183389770441
G39	G7	0.399113217697
G2	G36	0.396828353108545
G25	G1	0.396152472479122
G33	G32	0.395956941753053
G34	G21	0.395852104725375
G44	G33	0.39574933774398
G31	G22	0.394790875431015
G14	G36	0.394415191198725
G44	G49	0.39406587127598
G14	G21	0.394036645661108
G37	G27	0.392462597028418
G26	G40	0.392153377335706
G8	G1	0.392022361978392
G49	G36	0.391642605132007
G27	G22	0.390334931114981
G9	G9	0.389859371607234
G25	G36	0.388172626828363
G20	G6	0.387360019232698
G27	G24	0.387193975882487
G21	G46	0.386087673469268
G47	G7	0.386079547130004
G42	G22	0.38589184740715
G37	G33	0.385208491286182
G32	G36	0.384421458439537
G37	G49	0.38430985642116
G7	G23	0.38403543704529
G1	G24	0.381823902799628
G1	G22	0.381255175832874
G15	G4	0.381090822441777
G33	G19	0.380189167634664
G28	G21	0.380056524635321
G49	G21	0.380024446779182
G6	G27	0.379696402727327
G41	G22	0.379307483216928
G24	G22	0.378367153531325
G16	G48	0.377576356547854
G49	G24	0.377565775064999
G17	G21	0.377493880231284
G44	G27	0.377435530567132
G10	G14	0.375801848337405
G34	G22	0.374841845404866
G5	G21	0.374474280918587
G20	G5	0.373483859855463
G35	G1	0.373358443682885
G10	G4	0.372102899387635
G47	G44	0.369965585122663
G34	G1	0.3696127668108
G35	G21	0.369534045018103
G34	G36	0.367883232047333
G14	G24	0.3671193594933
G38	G24	0.36691705445475
G41	G36	0.366843389117283
G48	G24	0.366659035768302
G33	G30	0.366391407316994
G20	G41	0.36463694314876
G17	G22	0.364539160360116
G24	G24	0.364321271126239
G19	G36	0.364164818485794
G15	G14	0.364085630421575
G43	G8	0.363758165049682
G20	G45	0.363396674417209
G26	G47	0.362431480638425
G7	G37	0.362261390243442
G19	G21	0.362087198838551
G42	G24	0.36168144309354
G7	G32	0.361513443373236
G5	G22	0.360836091973253
G15	G34	0.360457493877036
G43	G38	0.36041192749158
G14	G22	0.360097745765009
G26	G25	0.357636219388433
G41	G1	0.35742931998679
G31	G24	0.35645286163863
G13	G27	0.355516132488761
G48	G36	0.354522564644922
G47	G41	0.353303214324871
G28	G22	0.352656968776287
G28	G36	0.352365649656522
G43	G45	0.352311550919345
G4	G10	0.35160904683756
G39	G40	0.351476357253224
G33	G9	0.351085234758627
G17	G1	0.349715494131509
G20	G7	0.349285435827739
G44	G28	0.348864614672388
G16	G23	0.348445798999667
G49	G22	0.348072799174397
G9	G45	0.347996200043525
G20	G15	0.34786611540675
G28	G1	0.347508049424649
G27	G42	0.347491910588497
G40	G36	0.34725046119321
G21	G35	0.347008811565455
G38	G36	0.346361005999261
G30	G36	0.346125984735344
G39	G14	0.346079579436733
G7	G30	0.345424324774959
G19	G22	0.345119087973125
G18	G21	0.344741031107129
G17	G36	0.34434235671909
G5	G36	0.344297373751035
G16	G32	0.344164315872376
G5	G1	0.343111755428388
G10	G24	0.34267205723599
G1	G42	0.342662426675644
G6	G34	0.34238211219489
G40	G21	0.342045876581112
G19	G24	0.341541035864341
G18	G22	0.339069335308422
G33	G40	0.336960833635259
G49	G42	0.336190178112533
G16	G30	0.334205751109701
G37	G28	0.331660552060598
G35	G22	0.331565294350166
G43	G6	0.331238600558837
G44	G31	0.330558738877168
G47	G33	0.328769428550857
G7	G18	0.328739960872162
G14	G42	0.328720980907341
G40	G24	0.328520407519582
G24	G42	0.328222284833987
G13	G34	0.327949927760677
G47	G49	0.327374825304568
G42	G42	0.327035118457867
G37	G31	0.326998400331813
G46	G28	0.326829117166323
G18	G1	0.326281953782612
G48	G42	0.32576059198125
G16	G37	0.324960906227502
G45	G28	0.324032255318665
G48	G21	0.323537932130097
G26	G44	0.323366237942829
G31	G42	0.323256388205727
G38	G42	0.321203285764931
G37	G34	0.320286006934704
G18	G36	0.319839432638398
G16	G43	0.318110601541508
G23	G24	0.317586475687392
G45	G14	0.317514643727048
G46	G39	0.31598004475665
G9	G38	0.315805691091882
G9	G6	0.314795682629153
G26	G7	0.313918431386528
G44	G34	0.313862476282742
G43	G40	0.313147694038398
G47	G27	0.312859927223945
G2	G24	0.311418598248548
G12	G31	0.311283352987247
G40	G22	0.310548429047815
G34	G24	0.310269217571859
G43	G2	0.309982629840081
G19	G42	0.308904813289789
G38	G21	0.30766554304731
G37	G1	0.307651292313102
G25	G24	0.306592396998443
G48	G22	0.305407853027973
G7	G13	0.304784021417796
G20	G14	0.304513044028913
G8	G24	0.304458586912643
G23	G36	0.303515576991138
G43	G16	0.303478157735616
G9	G8	0.30263074326434
G20	G17	0.302588616982085
G7	G9	0.299986119412422
G7	G38	0.299876703099544
G10	G42	0.299646617098395
G16	G38	0.298590520285752
G10	G36	0.296346515210639
G33	G45	0.296117305653217
G8	G36	0.295371389819913
G41	G24	0.295344965849824
G26	G41	0.295304841730957
G28	G24	0.294811811030717
G15	G1	0.294129848379385
G4	G20	0.293359037601108
G21	G43	0.293296967846301
G40	G42	0.292441211491938
G26	G49	0.292186742787771
G39	G28	0.292185394896456
G47	G28	0.290657772791106
G45	G4	0.290351970305214
G46	G4	0.290020290489677
G2	G42	0.28947022756445
G26	G33	0.28852436578488
G44	G4	0.288214700477903
G13	G21	0.287981121920292
G39	G4	0.286421262154272
G45	G27	0.286390736368405
G44	G1	0.286324874657292
G5	G24	0.285905460266601
G46	G14	0.285491306841786
G34	G42	0.285433222577873
G37	G14	0.285289986485814
G25	G42	0.285289910613823
G6	G21	0.283843542437595
G17	G24	0.282723676479516
G45	G31	0.282443721363229
G44	G14	0.281918690560398
G23	G42	0.280956486149203
G35	G34	0.280353448693939
G37	G4	0.27897679163865
G16	G9	0.278482250801778
G33	G38	0.278153774961456
G38	G22	0.277843932489661
G9	G2	0.275389060043111
G12	G1	0.274926534014167
G47	G31	0.274746116165485
G23	G21	0.274111397794048
G9	G16	0.273698668295803
G41	G42	0.272792567709178
G4	G12	0.272599861249563
G33	G8	0.270831485183682
G33	G6	0.270803608521533
G18	G24	0.270002629478819
G8	G21	0.269942466405002
G28	G42	0.269678585868982
G32	G24	0.269392462751014
G8	G42	0.268840534447225
G5	G42	0.265636285584409
G35	G36	0.265165051564384
G17	G42	0.263366790792795
G6	G22	0.26287395244211
G12	G21	0.261618779462159
G13	G22	0.261510480023678
G47	G34	0.260771245935792
G6	G36	0.259991746866188
G16	G13	0.258154633228307
G32	G42	0.256679715171584
G15	G36	0.256672375780193
G20	G4	0.256478811157857
G20	G28	0.25536078394015
G13	G36	0.255206458949358
G23	G22	0.255018430780261
G15	G21	0.254613223718882
G7	G19	0.254107494499802
G30	G24	0.253737939562835
G32	G26	0.253304009106067
G35	G27	0.253054553482145
G7	G8	0.252419253053928
G18	G42	0.251862747341562
G9	G27	0.250984435465448
G43	G7	0.249178476072789
G6	G1	0.248795778890309
G8	G22	0.248663224144296
G45	G34	0.248092639710797
G4	G48	0.24766822297312
G22	G35	0.247063955527049
G13	G1	0.244932330704876
G12	G22	0.244301744138277
G33	G2	0.2413879297797
G21	G10	0.241061125489571
G2	G26	0.240987839033025
G16	G8	0.240986398086144
G15	G24	0.240048231223975
G47	G4	0.239884493239967
G10	G21	0.239823041040865
G16	G18	0.238999521406628
G33	G16	0.238855650002627
G47	G1	0.236821257379597
G25	G26	0.235414899367035
G26	G28	0.235252053096275
G43	G47	0.233493754558644
G30	G26	0.233209285529831
G47	G14	0.232153069200703
G20	G39	0.232114615129334
G37	G24	0.231717372708962
G21	G18	0.230245110633928
G4	G23	0.229936259842027
G22	G46	0.229066758236518
G30	G42	0.227892879224971
G4	G32	0.227123025769436
G10	G22	0.226955923800253
G15	G22	0.225710580140438
G31	G26	0.222973499091163
G39	G31	0.222290892385926
G9	G47	0.222191146008851
G4	G30	0.221793896665662
G44	G24	0.221551838989115
G43	G41	0.220725121399004
G16	G19	0.218741202504028
G27	G26	0.218260890434596
G41	G26	0.217485328134524
G43	G25	0.217189574218908
G27	G11	0.216918944898276
G46	G40	0.216301036698221
G42	G26	0.216149051027572
G9	G25	0.214988484028771
G6	G24	0.213610647227125
G4	G37	0.213501061582627
G4	G43	0.213261018874243
G26	G27	0.212904521108337
G15	G42	0.2126111522543
G1	G11	0.212593590493972
G1	G26	0.212062254268456
G24	G26	0.21202322748014
G43	G44	0.211924678897818
G34	G26	0.211838641479847
G12	G34	0.211379401717423
G44	G36	0.211246457775205
G9	G1	0.210526824786181
G37	G36	0.209998467879929
G7	G2	0.208202291161508
G26	G14	0.208111193121857
G9	G7	0.208090232011015
G35	G24	0.207833934595481
G46	G31	0.207266962697178
G26	G31	0.206999922122184
G31	G11	0.206853057977337
G42	G11	0.20621197117403
G24	G11	0.206159746573056
G20	G1	0.205916512748801
G17	G26	0.205889122148418
G35	G26	0.205486619505174
G49	G11	0.204496704724841
G37	G42	0.204082569978164
G14	G11	0.203780166109461
G5	G26	0.203565836303583
G45	G1	0.203543659185508
G26	G4	0.202659702997004
G12	G27	0.201288413014794
G14	G26	0.20106679086954
G28	G26	0.200922497899866
G7	G5	0.198524168793665
G4	G38	0.198369343390181
G13	G24	0.197936670563849
G46	G1	0.196766908386435
G16	G2	0.196112141554481
G6	G42	0.19564677305307
G2	G11	0.195465422207249
G39	G1	0.19516454222103
G9	G34	0.195146271348788
G46	G21	0.195004095902037
G44	G42	0.194589647778626
G33	G27	0.194560757772998
G43	G28	0.193678864606648
G12	G36	0.193552872007299
G49	G26	0.191933132684655
G25	G11	0.191589113818174
G7	G16	0.191111791062937
G33	G47	0.190939158260712
G48	G11	0.189574964645183
G44	G21	0.189495826663016
G19	G26	0.189478933606151
G18	G26	0.189349395467172
G21	G20	0.1891272686633
G19	G11	0.188874206998302
G7	G15	0.18821936377448
G38	G11	0.186299925850396
G33	G7	0.185928793538007
G34	G11	0.18491351323632
G32	G11	0.184010483572634
G26	G34	0.183930366401825
G47	G24	0.183413470832169
G4	G9	0.183052118885977
G45	G21	0.182679452981739
G33	G25	0.182585569157978
G41	G11	0.181935249808532
G13	G42	0.181891146293835
G22	G10	0.180868540164988
G9	G31	0.180533256396075
G40	G11	0.180148162588875
G21	G12	0.179627882571909
G45	G36	0.179555773535545
G37	G21	0.179474478733037
G9	G41	0.179266757592731
G45	G22	0.176658412565699
G28	G11	0.176544636426151
G39	G22	0.176272219695361
G16	G16	0.17609938984268
G47	G36	0.175710991254142
G21	G48	0.173543936030798
G39	G27	0.17344311474846
G44	G22	0.173067036873225
G43	G27	0.172957590059949
G40	G26	0.172573272884185
G5	G11	0.172523667980561
G39	G21	0.172234016226052
G17	G11	0.171993642736649
G7	G47	0.171744144780295
G7	G25	0.171318296296108
G43	G33	0.170088447337527
G37	G22	0.16969362498828
G43	G31	0.169184592558908
G4	G13	0.169027318833965
G7	G17	0.168917442324121
G9	G49	0.168721286997474
G7	G44	0.168630492474507
G9	G44	0.168543740809968
G7	G6	0.168053759084291
G20	G27	0.168020692367297
G46	G22	0.167732599170707
G16	G25	0.167257448881876
G16	G44	0.167207588882558
G39	G34	0.16633178069019
G7	G45	0.164977439264474
G16	G47	0.164854256772951
G30	G11	0.164806680951441
G10	G11	0.164564586558185
G45	G24	0.163821032292159
G20	G40	0.163171857746883
G48	G26	0.162964210726222
G23	G11	0.162885855175406
G12	G24	0.16254185604369
G43	G49	0.16203698738392
G33	G41	0.161560192224171
G47	G42	0.161180063611486
G18	G11	0.161163742346941
G21	G23	0.161156518981098
G4	G18	0.160673224911021
G4	G8	0.159089327635483
G47	G21	0.158658559738266
G9	G28	0.158557481244957
G20	G21	0.157841736266649
G8	G11	0.157575854073975
G21	G5	0.156921573836066
G33	G1	0.156908423700548
G16	G49	0.156699998978758
G27	G50	0.15575442745086
G33	G34	0.15538613739372
G22	G20	0.155063629513584
G9	G33	0.155057458479591
G29	G46	0.154351670198033
G20	G22	0.154312779922254
G7	G49	0.153583596295368
G33	G44	0.153061633399344
G21	G15	0.152816169365446
G13	G26	0.152227729848151
G1	G50	0.152187443738116
G21	G13	0.151912696259175
G43	G34	0.151819162965304
G9	G24	0.151749432260637
G26	G1	0.151605484381296
G21	G37	0.151471655578078
G36	G46	0.151069371851427
G31	G50	0.150866226713065
G33	G31	0.150361032484925
G6	G26	0.150259508147425
G45	G42	0.149612679141091
G42	G50	0.149195478868275
G24	G50	0.148668913428716
G36	G35	0.148524699424119
G38	G26	0.148468200442083
G20	G31	0.147902343278611
G12	G26	0.147867140095299
G16	G33	0.147775334992463
G7	G33	0.147423655329869
G29	G35	0.147292079421705
G2	G50	0.147221887635332
G14	G50	0.145653433846625
G49	G50	0.144477899796315
G25	G50	0.143996941813804
G47	G22	0.143556309770195
G32	G50	0.142993268303401
G21	G17	0.142659267169735
G4	G19	0.14265060389379
G33	G28	0.142502543746078
G7	G7	0.142326533692304
G7	G41	0.141953784864292
G16	G6	0.141702750240494
G22	G12	0.14163296131358
G39	G36	0.139631850449264
G43	G4	0.137288316457538
G23	G26	0.136279628292356
G34	G50	0.136253077943761
G41	G50	0.13601142629695
G33	G33	0.134948538783591
G19	G50	0.134496367081489
G16	G5	0.13422530140214
G8	G26	0.133649659248901
G21	G39	0.133121841903742
G16	G41	0.133039149601822
G50	G46	0.132873069015364
G16	G45	0.132828266964641
G15	G11	0.132556821844166
G21	G32	0.131971066246801
G26	G36	0.131547409637563
G26	G21	0.131258364789022
G48	G50	0.13054548443896
G28	G50	0.130507214746379
G39	G24	0.130155388215185
G9	G42	0.130150339995035
G4	G2	0.129698808492331
G6	G11	0.129525320431559
G30	G50	0.128820555558877
G33	G49	0.128761352336784
G40	G50	0.128154700664787
G50	G35	0.128065120350517
G20	G24	0.127924525641553
G16	G7	0.127782676285577
G17	G50	0.127650457027897
G5	G50	0.127598996054067
G38	G50	0.127388287699192
G15	G26	0.126798528953555
G22	G48	0.126734896519848
G46	G36	0.126578000427124
G21	G30	0.125930373977441
G35	G42	0.125548275416804
G13	G11	0.125063404227304
G16	G15	0.124890325154809
G46	G27	0.123965324519196
G7	G39	0.123848931614211
G26	G24	0.122461234449053
G9	G4	0.122365821806995
G26	G22	0.12179517243348
G22	G32	0.120325638912952
G21	G19	0.119456173960437
G22	G23	0.119151484272447
G22	G30	0.118964603787634
G18	G50	0.118508151260437
G9	G14	0.118141452038965
G43	G1	0.117914704765662
G9	G36	0.116992288873349
G46	G34	0.116777031641918
G33	G24	0.116670586719406
G4	G16	0.11646595142569
G35	G11	0.115975178062884
G10	G26	0.114847454964702
G37	G11	0.11476950827674
G21	G9	0.11347805593929
G44	G11	0.113265867734568
G23	G50	0.111716645368181
G4	G25	0.111535275856161
G4	G44	0.110511508908569
G26	G42	0.110010336430901
G4	G47	0.109783789291381
G22	G37	0.109505512121385
G8	G50	0.10874733039652
G10	G50	0.108719609449064
G16	G17	0.108397223842718
G16	G14	0.108146631001198
G46	G26	0.107809655880688
G21	G40	0.107722052109421
G22	G38	0.107539726528019
G33	G4	0.107180705793283
G43	G36	0.106916645838669
G7	G28	0.105690112747733
G27	G3	0.104600140685451
G4	G49	0.104539708841622
G43	G21	0.104259219234808
G7	G14	0.103939350183163
G29	G43	0.103559294041179
G29	G10	0.102807038208743
G1	G3	0.102409316440113
G46	G24	0.102064905873521
G12	G42	0.10185889339437
G36	G43	0.101391324040716
G22	G43	0.101373600618126
G39	G26	0.100691597922621
G43	G24	0.100610146953447
G31	G3	0.100052990762774
G33	G42	0.0997134324221858
G42	G3	0.0995307516697765
G24	G3	0.0994748897318559
G35	G50	0.099272032390165
G4	G33	0.098400644220873
G49	G3	0.0982558551514498
G14	G3	0.0981703060038975
G21	G38	0.0981019933598779
G36	G10	0.098070511745725
G45	G26	0.0973364056645762
G7	G4	0.0972428239566935
G33	G36	0.0968510823317779
G20	G26	0.0965172440180052
G6	G50	0.0963272205436284
G22	G9	0.0953857255624878
G2	G3	0.0951477791610319
G15	G50	0.0947379043900436
G13	G50	0.0946705024374359
G16	G28	0.0941232458853336
G47	G11	0.094111928534149
G20	G34	0.0939115335781107
G21	G45	0.09347317175264
G4	G6	0.0932061167430332
G25	G3	0.0931689442162193
G16	G4	0.0929202305103907
G39	G42	0.092874528568307
G50	G10	0.0925482914155309
G44	G26	0.0924549119246537
G45	G11	0.0924353515987138
G4	G5	0.0917928322964523
G19	G3	0.0906785433024452
G33	G14	0.0904695250985801
G48	G3	0.0903929001675942
G7	G40	0.0902685504903376
G32	G3	0.0902005437272505
G21	G8	0.0901534860605031
G20	G36	0.0896502863006863
G34	G3	0.0894986310156263
G38	G3	0.0889305927470765
G3	G46	0.0887991173220642
G41	G3	0.0884368086267604
G37	G26	0.0881224441244905
G4	G45	0.0876821787971047
G4	G41	0.08737077800931
G43	G14	0.0873632989888437
G3	G35	0.0871622611535497
G40	G3	0.0867503696787973
G12	G11	0.0866007868816706
G21	G6	0.0860320708223617
G28	G3	0.0856388363143337
G4	G15	0.0855564236878536
G22	G13	0.0849252602202706
G43	G42	0.0845155432274197
G22	G8	0.084241764149012
G50	G43	0.0841707443165728
G4	G7	0.0838245728881709
G11	G46	0.0836068030913345
G5	G3	0.0834522537398563
G17	G3	0.0832526025747455
G30	G3	0.0808348090728615
G21	G2	0.0806208541241332
G29	G18	0.0806097842693576
G9	G21	0.0805522775155037
G29	G20	0.0801782413945616
G36	G18	0.0789671441746953
G16	G39	0.0789042563355603
G21	G16	0.0787243904545398
G10	G3	0.077767054625378
G18	G3	0.0777355892864111
G44	G50	0.0777221376233213
G23	G3	0.0776508166089336
G47	G26	0.0773632611740917
G37	G50	0.0771691736351474
G11	G35	0.077113448782087
G29	G12	0.0770545754840466
G50	G20	0.0769783341211518
G43	G22	0.0759459287115912
G22	G18	0.0758105266430931
G8	G3	0.0752872302649908
G9	G22	0.0748149934339953
G4	G17	0.074697525590381
G16	G1	0.0741092375470136
G33	G21	0.0738238470238159
G29	G48	0.0737489592173791
G4	G14	0.0733387649799598
G12	G50	0.0723818786179761
G22	G19	0.0719931110323321
G7	G31	0.0717245156904689
G36	G48	0.0715787166531555
G50	G12	0.0709162067848232
G36	G12	0.070877590074995
G22	G2	0.0686021704309151
G26	G11	0.0679864517515356
G9	G11	0.0676623495485191
G26	G26	0.0675360689429892
G29	G23	0.0675156897454869
G36	G20	0.0671361860451261
G45	G50	0.0663778364156494
G7	G1	0.0663163997913456
G39	G11	0.0662771714546937
G21	G47	0.0658392002944015
G50	G48	0.0656450918013471
G50	G18	0.065215019673933
G11	G43	0.0648891719574999
G47	G50	0.0646636194359742
G21	G25	0.0644934198694092
G3	G10	0.0640321069179857
G15	G3	0.0639959994888899
G29	G37	0.063873205640981
G33	G22	0.0636470747030837
G6	G3	0.0629406581362522
G7	G21	0.0628263125908528
G21	G27	0.0620318446000856
G50	G23	0.0618276283094399
G36	G23	0.0616268204826103
G4	G4	0.0615737180065629
G36	G37	0.0611265025593591
G13	G3	0.0611136975681386
G22	G16	0.0609858221869834
G4	G28	0.0609762581750403
G22	G25	0.0604551972435921
G29	G13	0.0598040531448062
G22	G44	0.0594691087878647
G16	G27	0.0590749636744877
G21	G7	0.0590506578752535
G22	G47	0.0588386912403089
G36	G13	0.0587576676510263
G35	G3	0.0585246951519814
G29	G32	0.0584021872742676
G16	G21	0.0578371567807966
G7	G22	0.0575673881555018
G22	G49	0.057383756387559
G50	G37	0.0571375632304604
G16	G40	0.0569277233717492
G20	G42	0.0569123587664465
G50	G32	0.0565123007157025
G4	G39	0.0558568058008056
G16	G22	0.0555894582874272
G50	G30	0.0554368282707848
G29	G30	0.0553472089750551
G43	G11	0.0548767364054809
G3	G20	0.0546664174215081
G37	G3	0.0544326716648257
G33	G11	0.0543949750269773
G44	G3	0.054082975076933
G16	G31	0.0537858641060614
G22	G33	0.0536245441229012
G29	G5	0.0529758098935881
G21	G44	0.0526238561490162
G21	G41	0.0525742918716868
G3	G43	0.0523147423606764
G39	G50	0.0520413560820779
G36	G5	0.0513893167343773
G29	G15	0.0512094853943199
G46	G11	0.0510902136089058
G11	G18	0.0510383903796688
G50	G13	0.0510217175315626
G21	G1	0.0506615069106788
G36	G15	0.0498348032650984
G29	G9	0.0497989216287735
G36	G32	0.0497115701664052
G3	G12	0.0496169456897368
G11	G10	0.0495016511158183
G4	G1	0.0493420510045535
G21	G34	0.0491564202571314
G26	G50	0.0485817130738435
G21	G33	0.0483819897466583
G29	G19	0.0481673535031952
G36	G19	0.0477865769072685
G46	G50	0.047601062738646
G46	G42	0.0475991036575693
G21	G31	0.0475623596207954
G21	G49	0.047385078300106
G29	G17	0.0473224079446269
G7	G27	0.0472120976084644
G50	G38	0.0471536850550425
G22	G6	0.0468504835311051
G50	G9	0.0462495177890845
G36	G17	0.0462339953197343
G22	G41	0.0457896859790227
G7	G34	0.045776620241966
G36	G9	0.0457743850413346
G43	G26	0.0454322078014051
G29	G38	0.045166110939924
G3	G48	0.0451489937301389
G16	G24	0.0451354039810089
G47	G3	0.0449571056149954
G21	G28	0.0446834905222374
G45	G3	0.0444124220179906
G7	G36	0.0443626971382563
G36	G30	0.043339238459687
G12	G3	0.0432620923595702
G22	G45	0.0431558927618932
G22	G7	0.0429858405473226
G3	G23	0.0429241059875633
G9	G50	0.0427253069879037
G50	G5	0.0423239670054415
G22	G5	0.0419615101791031
G29	G39	0.0416595232015883
G50	G19	0.0412681023269181
G22	G14	0.0412078075086274
G36	G39	0.0411335653201351
G50	G15	0.0406575320015223
G3	G32	0.0406165210785031
G4	G27	0.0403883438759468
G29	G8	0.0403261194901561
G3	G30	0.0403045615834098
G3	G18	0.0402800549241376
G43	G50	0.0393912507773156
G3	G37	0.0393202943945834
G50	G8	0.0391543551594828
G4	G40	0.0390713668033315
G22	G15	0.0387607023137497
G7	G24	0.0381115162214097
G4	G21	0.0378415948422171
G50	G17	0.037269221570655
G21	G24	0.0371541292191396
G4	G22	0.0370817900851981
G11	G48	0.0365502293380214
G21	G4	0.0362772351082642
G21	G14	0.0362132128289007
G22	G39	0.0361382298566014
G4	G31	0.0358507265616434
G7	G26	0.0354862539505985
G33	G50	0.0354534984963634
G29	G45	0.035113961529321
G16	G26	0.0350654319730928
G3	G38	0.0350430768223135
G11	G12	0.0349477201117033
G9	G26	0.0347221505717487
G29	G2	0.0347107833241452
G11	G5	0.0346050128683462
G36	G45	0.0345592390815059
G36	G8	0.0343717484859554
G20	G50	0.0340226950566395
G11	G15	0.0338577819180933
G3	G13	0.0338022321899676
G29	G6	0.033471560665271
G50	G2	0.0333541947979052
G22	G17	0.0332150317773185
G11	G13	0.033154059495019
G36	G38	0.0331201148722966
G29	G16	0.0330980918470395
G20	G11	0.032932336226763
G29	G40	0.0328579299929853
G22	G4	0.0327902488755249
G26	G3	0.0327238604886958
G3	G9	0.032625166065865
G16	G36	0.0325085659386934
G39	G3	0.032333591380384
G36	G6	0.0323086845968156
G21	G42	0.0322496380950513
G11	G20	0.0321835861672067
G16	G34	0.0321483036829408
G33	G26	0.0319714849907007
G11	G17	0.0317888827409915
G9	G3	0.0317102571636494
G50	G39	0.0314832339879844
G36	G40	0.0314160066550547
G11	G37	0.0313353924303088
G11	G23	0.0312471154520863
G22	G28	0.0311935751015501
G50	G16	0.0310127124666532
G4	G24	0.0307972393087119
G21	G36	0.0306737710459182
G11	G39	0.0302315442134367
G36	G2	0.0293589185001732
G50	G45	0.0293093328473923
G36	G16	0.02896261153228
G50	G6	0.0287230579718189
G50	G25	0.0284538073112496
G29	G47	0.028254840141562
G50	G47	0.0282377517875516
G3	G8	0.0282071015392138
G22	G1	0.0278215134751704
G29	G25	0.0277366693997968
G3	G19	0.0275820123226251
G43	G3	0.0268179384807022
G46	G3	0.026549699825838
G11	G19	0.0262989067075511
G33	G3	0.0257459388840032
G50	G44	0.0255630721430656
G3	G5	0.0255435119491577
G29	G7	0.0249970582403509
G50	G40	0.0249906581650215
G29	G44	0.0249520279405097
G22	G40	0.0246807758797846
G32	G29	0.0245553409279453
G3	G15	0.0243869901414141
G50	G49	0.0243562308454394
G22	G27	0.0241189813646345
G36	G7	0.0240877662308957
G11	G40	0.0237896415223796
G3	G2	0.023782053985808
G50	G33	0.0234877344118153
G21	G21	0.0233735413720185
G29	G41	0.0232483662147169
G4	G26	0.0231609065999554
G30	G29	0.0229676277291485
G2	G29	0.0226766634404598
G4	G34	0.0225591062580484
G11	G32	0.0225317018578314
G25	G29	0.0223168897275751
G50	G7	0.0223041555307465
G29	G49	0.022269640841021
G21	G22	0.0222264774103414
G29	G33	0.0221576518985566
G3	G17	0.0221219954688704
G11	G9	0.021885073331628
G4	G36	0.0218190636581055
G36	G47	0.021811559226983
G50	G41	0.0218077631333169
G3	G16	0.0217699141713822
G36	G41	0.0210630757273885
G3	G25	0.0208014797417034
G16	G42	0.0206116521658025
G11	G45	0.0206044963396893
G38	G29	0.0204775937986915
G3	G47	0.0204065059617327
G48	G29	0.0203972233379067
G41	G29	0.0201898773620364
G7	G42	0.0201501127139863
G49	G29	0.0201250180399231
G27	G29	0.0200783688436762
G36	G25	0.0200511186569743
G10	G29	0.0200433742685963
G22	G22	0.0199845613643311
G1	G29	0.0199174446235937
G31	G29	0.019877663681967
G35	G29	0.0198766833376598
G17	G29	0.019832627339313
G34	G29	0.0197466479606007
G36	G44	0.0196605317732115
G22	G21	0.0195396283412162
G5	G29	0.0194969395354564
G42	G29	0.0192172505992202
G14	G29	0.0191982248678159
G7	G11	0.0191809264566937
G3	G6	0.0190060677861085
G3	G44	0.0189665174089589
G3	G45	0.0189012377333543
G36	G28	0.0188755894360128
G11	G30	0.0188642093952511
G29	G28	0.0188126297662506
G24	G29	0.0187612087705067
G18	G29	0.0185166532628398
G3	G49	0.0184268849766935
G11	G6	0.0183910532996315
G50	G14	0.0183218871419628
G28	G29	0.0182699241820684
G19	G29	0.018077919868352
G22	G24	0.0180411628580398
G29	G27	0.0180330076392842
G23	G29	0.017746395808995
G3	G39	0.0176574042929203
G3	G33	0.0175316769497674
G36	G27	0.0174837956889577
G20	G3	0.0173396485244566
G21	G11	0.0173036855029849
G40	G29	0.0172769504163142
G22	G31	0.0171567858769214
G29	G31	0.0169393316374813
G8	G29	0.0168219758606501
G36	G31	0.0166903483415
G7	G50	0.0166272985228924
G50	G28	0.0163717193270622
G29	G4	0.0158349043551196
G29	G14	0.0157224530489667
G50	G4	0.0155504592585279
G36	G33	0.0155073536399556
G3	G41	0.0154906178587215
G29	G34	0.0153899292204481
G3	G7	0.0153540028694133
G11	G8	0.0153337970532716
G36	G34	0.0152237641243144
G12	G29	0.0147893375101818
G36	G49	0.0145405639619915
G11	G16	0.0143513490627202
G22	G34	0.0143081161144802
G11	G27	0.0139799756319554
G3	G14	0.0139635483288761
G3	G40	0.0138950473399315
G11	G2	0.0138231126280323
G50	G31	0.0137663714151316
G13	G29	0.0137495889471098
G6	G29	0.013698829624009
G4	G42	0.0135847649378535
G37	G29	0.0132950425610956
G50	G27	0.0131600701661935
G29	G1	0.0131007145193251
G36	G4	0.0129131415699139
G11	G38	0.0125678512484522
G15	G29	0.0124788146068015
G22	G26	0.0124023976630967
G16	G50	0.0123458998183309
G11	G7	0.0123251498183458
G44	G29	0.0123150721429899
G36	G1	0.0121039147523366
G16	G11	0.0117184577454208
G50	G34	0.0116201112547441
G21	G50	0.0112324838711314
G3	G4	0.0112049118067051
G11	G34	0.0111815138997855
G3	G28	0.0111791072935365
G11	G1	0.0111502794134893
G21	G26	0.0108531073624498
G29	G36	0.0107806474842759
G39	G29	0.0107767955553827
G20	G29	0.0107364102787814
G11	G31	0.0105869106270194
G36	G36	0.0105598765707771
G29	G24	0.0104519922192736
G29	G21	0.0103902630505981
G22	G36	0.010334390896458
G46	G29	0.0102609505094623
G36	G24	0.0102239592832609
G47	G29	0.0101862954079467
G36	G21	0.0100386422270835
G11	G28	0.0100149927031934
G11	G41	0.0098975536246368
G11	G47	0.0098025082858348
G7	G3	0.0096951202544954
G50	G22	0.0095858426451337
G29	G22	0.0094766720092531
G50	G1	0.0094648178831511
G50	G21	0.0094357723581979
G29	G42	0.0092840392417668
G9	G29	0.0092413293192067
G45	G29	0.0090783985659775
G50	G36	0.0087390704301566
G11	G25	0.008616383040032
G3	G31	0.0086002799875507
G11	G49	0.0085375663960001
G36	G42	0.0085216625521941
G11	G24	0.0084765535841893
G4	G50	0.0082736988188799
G4	G11	0.0081785975280542
G21	G3	0.0081482940843568
G22	G42	0.0079907047015378
G3	G1	0.0077751543947839
G11	G44	0.0075160019536706
G50	G24	0.0074029513119355
G36	G14	0.0073676068298416
G36	G22	0.0070557927949994
G50	G42	0.0069889991337729
G3	G22	0.0069544714774382
G11	G42	0.006926410054937
G3	G27	0.0068898697229512
G33	G29	0.0068577375697664
G11	G36	0.0067947280255394
G3	G21	0.0066120133913207
G11	G14	0.0065679635232568
G3	G34	0.0065111061958765
G26	G29	0.0064151399750271
G16	G3	0.0062233544839739
G11	G4	0.0058296649008071
G11	G33	0.0057234229431586
G29	G11	0.0056368438455551
G36	G11	0.0054646562291572
G3	G36	0.0054140453383777
G3	G24	0.0053465627365406
G50	G26	0.0053027504043107
G29	G26	0.0052157065562152
G43	G29	0.0050460406918738
G11	G21	0.0048385665834227
G50	G11	0.0044170435017276
G4	G3	0.0042737937020913
G36	G26	0.0042318766195618
G29	G50	0.0039760395580869
G22	G50	0.0039421300670536
G3	G26	0.0039269438391839
G36	G50	0.0038868143033989
G16	G29	0.003851362448994
G11	G11	0.0038350255355786
G3	G42	0.0037329949842322
G22	G11	0.0035554044862461
G7	G29	0.0035297730189173
G50	G50	0.0032390855283616
G11	G22	0.0031392537854923
G29	G3	0.0027082603883708
G36	G3	0.0026674618745591
G3	G11	0.0025925613056376
G4	G29	0.0025750899022622
G11	G50	0.0024796476512686
G21	G29	0.0022089784387086
G50	G3	0.0021234484527891
G3	G50	0.0020174582784762
G22	G3	0.001896814555792
G11	G3	0.001830977369739
G11	G26	0.0016197227742402
G22	G29	0.0014493047847421
G3	G3	0.0012585914454718
G29	G29	0.0005579374661583
G50	G29	0.0005390992378792
G36	G29	0.000520402853463
G11	G29	0.000491611656208
G3	G29	0.0004307398353924
